{"AAo": 0.8493, "KKo": 0.8210999999999999, "QQo": 0.7963, "JJo": 0.7715000000000001, "TTo": 0.7465999999999999, "99o": 0.7166, "88o": 0.6870999999999999, "AKs": 0.6620999999999999, "77o": 0.6572, "AQs": 0.6531, "AJs": 0.6439, "AKo": 0.6446, "ATs": 0.6347999999999999, "AQo": 0.635, "AJo": 0.6253, "KQs": 0.624, "66o": 0.627, "A9s": 0.615, "ATo": 0.6156, "KJs": 0.6147, "A8s": 0.605, "KTs": 0.6058, "KQo": 0.6043, "A7s": 0.5938, "A9o": 0.5943999999999999, "KJo": 0.5943999999999999, "55o": 0.5964, "QJs": 0.5907, "K9s": 0.5863, "A5s": 0.5806, "A6s": 0.5817, "A8o": 0.5837, "KTo": 0.5849, "QTs": 0.5817, "A4s": 0.5713, "A7o": 0.5716, "K8s": 0.5679, "A3s": 0.5633, "QJo": 0.569, "K9o": 0.564, "A5o": 0.5574, "A6o": 0.5587, "Q9s": 0.5622, "K7s": 0.5584, "JTs": 0.5615, "A2s": 0.555, "QTo": 0.5594, "44o": 0.5625, "A4o": 0.5473, "K6s": 0.5479999999999999, "K8o": 0.5443, "Q8s": 0.5440999999999999, "A3o": 0.5385, "K5s": 0.5383, "J9s": 0.5411, "Q9o": 0.5386, "JTo": 0.5382, "K7o": 0.5341, "A2o": 0.5294, "K4s": 0.5288, "Q7s": 0.5252, "K6o": 0.5229, "K3s": 0.5207, "T9s": 0.5236999999999999, "J8s": 0.5231, "33o": 0.5283, "Q6s": 0.5167, "Q8o": 0.5193, "K5o": 0.5125, "J9o": 0.5163, "K2s": 0.5123, "Q5s": 0.5071, "T8s": 0.505, "K4o": 0.5022, "J7s": 0.5045000000000001, "Q4s": 0.4976, "Q7o": 0.499, "T9o": 0.49810000000000004, "J8o": 0.4971, "K3o": 0.49329999999999996, "Q6o": 0.4899, "Q3s": 0.4893, "98s": 0.4885, "T7s": 0.4865, "J6s": 0.4857, "K2o": 0.4842, "22o": 0.4938, "Q2s": 0.48100000000000004, "Q5o": 0.47950000000000004, "J5s": 0.4782, "T8o": 0.4781, "J7o": 0.4772, "Q4o": 0.4692, "97s": 0.46990000000000004, "J4s": 0.4686, "T6s": 0.46799999999999997, "J3s": 0.4604, "Q3o": 0.46020000000000005, "98o": 0.4606, "87s": 0.4568, "T7o": 0.4582, "J6o": 0.4571, "96s": 0.4515, "J2s": 0.452, "Q2o": 0.451, "T5s": 0.4493, "J5o": 0.449, "T4s": 0.442, "97o": 0.4407, "86s": 0.43810000000000004, "J4o": 0.4386, "T6o": 0.4384, "95s": 0.43310000000000004, "T3s": 0.4337, "76s": 0.4282, "J3o": 0.4296, "87o": 0.4269, "T2s": 0.4254, "85s": 0.4199, "96o": 0.42100000000000004, "J2o": 0.4204, "T5o": 0.41850000000000004, "94s": 0.414, "75s": 0.4097, "T4o": 0.4105, "93s": 0.408, "86o": 0.4069, "65s": 0.40340000000000004, "84s": 0.401, "95o": 0.40130000000000005, "T3o": 0.40149999999999997, "92s": 0.3997, "76o": 0.39649999999999996, "74s": 0.391, "T2o": 0.3923, "54s": 0.38530000000000003, "85o": 0.3874, "64s": 0.3848, "83s": 0.38280000000000003, "94o": 0.38079999999999997, "75o": 0.37670000000000003, "82s": 0.37670000000000003, "73s": 0.373, "93o": 0.37420000000000003, "65o": 0.3701, "53s": 0.3675, "63s": 0.3668, "84o": 0.36700000000000005, "92o": 0.3651, "43s": 0.35719999999999996, "74o": 0.3566, "72s": 0.3543, "54o": 0.3507, "64o": 0.35, "52s": 0.3492, "62s": 0.3483, "83o": 0.34740000000000004, "42s": 0.33909999999999996, "82o": 0.3408, "73o": 0.3371, "53o": 0.33159999999999995, "63o": 0.3306, "32s": 0.3309, "43o": 0.3206, "72o": 0.3171, "52o": 0.3119, "62o": 0.3107, "42o": 0.3011, "32o": 0.2923}